pair_index,match_status,time_difference_minutes,distance_km,variable,era5_value,imd_value,absolute_difference,percent_difference,agreement_flag
0,NOT_MATCHED,1398240.0,,,,,,,
1,MATCHED,0.0,9.311,temperature,21.874,29.4,7.526,25.599,SOURCE_DISAGREEMENT
1,MATCHED,0.0,9.311,pressure,1017.407,1005.2,12.207,1.2,SOURCE_AGREEMENT_HIGH
1,MATCHED,0.0,9.311,rainfall,0.0,0.0,0.0,,SOURCE_AGREEMENT_HIGH
1,MATCHED,0.0,9.311,wind_speed,1.58,2.222,0.642,28.893,SOURCE_DISAGREEMENT
2,MATCHED,0.0,9.311,temperature,21.874,29.874,8.0,26.779,SOURCE_DISAGREEMENT
2,MATCHED,0.0,9.311,pressure,1017.407,1005.2,12.207,1.2,SOURCE_AGREEMENT_HIGH
2,MATCHED,0.0,9.311,rainfall,0.0,0.0,0.0,,SOURCE_AGREEMENT_HIGH
2,MATCHED,0.0,9.311,wind_speed,1.58,2.222,0.642,28.893,SOURCE_DISAGREEMENT
